{
	"IcoMoonType": "selection",
	"icons": [
		{
			"icon": {
				"paths": [
					"M512 0c-282.8 0-512 229.2-512 512s229.2 512 512 512 512-229.2 512-512-229.2-512-512-512zM384 768c-141.6 0-256-114.4-256-256s114.4-256 256-256c69.2 0 127 25.2 171.6 67l-69.6 66.8c-19-18.2-52.2-39.4-102-39.4-87.4 0-158.8 72.4-158.8 161.6s71.4 161.6 158.8 161.6c101.4 0 139.4-72.8 145.2-110.4h-145.2v-87.8h241.8c2.2 12.8 4 25.6 4 42.4 0 146.4-98 250.2-245.8 250.2zM832 512v64h-64v-64h-64v-64h64v-64h64v64h64v64h-64z"
				],
				"attrs": [],
				"isMulticolor": false,
				"tags": [
					"google-plus",
					"brand",
					"social"
				],
				"grid": 16
			},
			"attrs": [],
			"properties": {
				"order": 6,
				"prevSize": 16,
				"ligatures": "google-plus3, brand7",
				"name": "google-plus3",
				"id": 398,
				"code": 59648
			},
			"setIdx": 0,
			"setId": 0,
			"iconIdx": 397
		},
		{
			"icon": {
				"paths": [
					"M928 0h-832c-52.8 0-96 43.2-96 96v832c0 52.8 43.2 96 96 96h416v-448h-128v-128h128v-64c0-105.8 86.2-192 192-192h128v128h-128c-35.2 0-64 28.8-64 64v64h192l-32 128h-160v448h288c52.8 0 96-43.2 96-96v-832c0-52.8-43.2-96-96-96z"
				],
				"attrs": [],
				"isMulticolor": false,
				"tags": [
					"facebook",
					"brand",
					"social"
				],
				"grid": 16
			},
			"attrs": [],
			"properties": {
				"order": 3,
				"prevSize": 16,
				"ligatures": "facebook2, brand11",
				"name": "facebook2",
				"id": 402,
				"code": 59649
			},
			"setIdx": 0,
			"setId": 0,
			"iconIdx": 401
		},
		{
			"icon": {
				"paths": [
					"M1024 226.4c-37.6 16.8-78.2 28-120.6 33 43.4-26 76.6-67.2 92.4-116.2-40.6 24-85.6 41.6-133.4 51-38.4-40.8-93-66.2-153.4-66.2-116 0-210 94-210 210 0 16.4 1.8 32.4 5.4 47.8-174.6-8.8-329.4-92.4-433-219.6-18 31-28.4 67.2-28.4 105.6 0 72.8 37 137.2 93.4 174.8-34.4-1-66.8-10.6-95.2-26.2 0 0.8 0 1.8 0 2.6 0 101.8 72.4 186.8 168.6 206-17.6 4.8-36.2 7.4-55.4 7.4-13.6 0-26.6-1.4-39.6-3.8 26.8 83.4 104.4 144.2 196.2 146-72 56.4-162.4 90-261 90-17 0-33.6-1-50.2-3 93.2 59.8 203.6 94.4 322.2 94.4 386.4 0 597.8-320.2 597.8-597.8 0-9.2-0.2-18.2-0.6-27.2 41-29.4 76.6-66.4 104.8-108.6z"
				],
				"attrs": [],
				"isMulticolor": false,
				"tags": [
					"twitter",
					"brand",
					"tweet",
					"social"
				],
				"grid": 16
			},
			"attrs": [],
			"properties": {
				"order": 4,
				"prevSize": 16,
				"ligatures": "twitter, brand16",
				"name": "twitter",
				"id": 407,
				"code": 59650
			},
			"setIdx": 0,
			"setId": 0,
			"iconIdx": 406
		},
		{
			"icon": {
				"paths": [
					"M928 0h-832c-52.8 0-96 43.2-96 96v832c0 52.8 43.2 96 96 96h832c52.8 0 96-43.2 96-96v-832c0-52.8-43.2-96-96-96zM896 648c0 137-111.4 248-249.4 248h-268.8c-138 0-249.8-111-249.8-248v-272c0-137 111.8-248 249.8-248h125.8c138 0 248.4 103 248.4 240 1.8 25.6 25 48 51.2 48h43c27.6 0 49.6 29 49.6 56.4v175.6z",
					"M704 640c0 35.2-28.8 64-64 64h-256c-35.2 0-64-28.8-64-64v0c0-35.2 28.8-64 64-64h256c35.2 0 64 28.8 64 64v0z",
					"M576 384c0 35.2-28.8 64-64 64h-128c-35.2 0-64-28.8-64-64v0c0-35.2 28.8-64 64-64h128c35.2 0 64 28.8 64 64v0z"
				],
				"attrs": [],
				"isMulticolor": false,
				"tags": [
					"blogger",
					"brand",
					"social"
				],
				"grid": 16
			},
			"attrs": [],
			"properties": {
				"order": 7,
				"prevSize": 16,
				"ligatures": "blogger2, brand48",
				"name": "blogger2",
				"id": 441,
				"code": 59651
			},
			"setIdx": 0,
			"setId": 0,
			"iconIdx": 440
		}
	],
	"height": 1024,
	"metadata": {
		"name": "icomoon"
	},
	"preferences": {
		"showGlyphs": true,
		"showQuickUse": true,
		"showQuickUse2": true,
		"showSVGs": true,
		"fontPref": {
			"prefix": "icon-",
			"metadata": {
				"fontFamily": "icomoon"
			},
			"metrics": {
				"emSize": 1024,
				"baseline": 6.25,
				"whitespace": 50
			},
			"embed": false
		},
		"imagePref": {
			"prefix": "icon-",
			"png": true,
			"useClassSelector": true,
			"color": 0,
			"bgColor": 16777215,
			"classSelector": ".icon"
		},
		"historySize": 100,
		"showCodes": true,
		"gridSize": 16
	}
}